name,acronym,country,name_variant,type,openalex_id,openalex_display_name,openalex_alternate_titles,openalex_description,openalex_homepage_url,openalex_image_thumbnail_url,ror,wikidata
National Institutes of Health,NIH,United States,,Funder,https://openalex.org/F4320332161,National Institutes of Health,"['US National Institutes of Health', 'Institutos Nacionales de la Salud', 'NIH']",US government medical research agency,http://www.nih.gov,https://commons.wikimedia.org/w/index.php?title=Special:Redirect/file/NIH 2013 logo vertical.svg&width=300,https://ror.org/01cwqze88,https://www.wikidata.org/entity/Q390551
National Science Foundation,NSF,United States,,Funder,https://openalex.org/F4320306076,National Science Foundation,"['U.S. National Science Foundation', 'USA NSF', 'USNSF', 'NSF', 'US National Science Foundation', 'US NSF']",United States government agency,https://www.nsf.gov,https://commons.wikimedia.org/w/index.php?title=Special:Redirect/file/NSF logo.png&width=300,https://ror.org/021nxhr62,https://www.wikidata.org/entity/Q304878
Natural Sciences and Engineering Research Council,NSERC,Canada,,Funder,https://openalex.org/F4320334593,Natural Sciences and Engineering Research Council of Canada,"['CRSNG', 'NSERC', 'Conseil de Recherches en Sciences Naturelles et en Génie du Canada']",agency of the Government of Canada that provides grants for research in the natural sciences and engineering,http://www.nserc-crsng.gc.ca/index_eng.asp,,https://ror.org/01h531d29,https://www.wikidata.org/entity/Q2993807
Bill & Melinda Gates Foundation,Gates Foundation,United States,BMGF,Charity,https://openalex.org/F4320306137,Bill and Melinda Gates Foundation,"['Gates Foundation', 'The Bill & Melinda Gates Foundation', 'The Bill and Melinda Gates Foundation', 'B&MGF', 'BMGF', 'GF', 'Bill & Melinda Gates Foundation']",private foundation founded by Bill and Melinda Gates,https://www.gatesfoundation.org,https://commons.wikimedia.org/w/index.php?title=Special:Redirect/file/BillMelindaGatesFoundation.svg&width=300,https://ror.org/0456r8d26,https://www.wikidata.org/entity/Q655286
Social Sciences and Humanities Research Council,SSHRC,Canada,,Funder,https://openalex.org/F4320334617,Social Sciences and Humanities Research Council of Canada,"['Conseil de recherches en sciences humaines du Canada', 'SSHRC']",Canadian funding body,http://www.sshrc-crsh.gc.ca,,https://ror.org/04j5jqy92,https://www.wikidata.org/entity/Q2993802
Netherlands Organisation for Scientific Research,NWO,Netherlands,Nederlandse Organisatie voor Wetenschappelijk Onderzoek|Dutch Research Council,Funder,https://openalex.org/F4320321800,Nederlandse Organisatie voor Wetenschappelijk Onderzoek,"['Dutch Research Council', 'Dutch National Scientific Foundation', 'Dutch National Science Foundation', 'NWO', 'Netherlands Organisation for Scientific Research']",national research council of the Netherlands,https://www.nwo.nl,https://commons.wikimedia.org/w/index.php?title=Special:Redirect/file/NWO logo - RGB.jpg&width=300,https://ror.org/04jsz6e67,https://www.wikidata.org/entity/Q129724
National Health and Medical Research Council,NHMRC,Australia,,Funder,https://openalex.org/F4320334705,National Health and Medical Research Council,['NHMRC'],Australian government agency,https://www.nhmrc.gov.au,,https://ror.org/011kf5r70,https://www.wikidata.org/entity/Q6973022
Japan Society for the Promotion of Science,JSPS,Japan,KAKEN|Grants-in-Aid for Scientific Research,Funder,https://openalex.org/F4320334764,Japan Society for the Promotion of Science,"['Grants-in-Aid for Scientific Research', 'Grants-in-Aid for Scientific Research Program', 'KAKENHI', '日本学術振興会', 'KAKEN', 'JSPS']",administrative agency in Japan,http://www.jsps.go.jp,https://commons.wikimedia.org/w/index.php?title=Special:Redirect/file/JSPS logotype.png&width=300,https://ror.org/00hhkn466,https://www.wikidata.org/entity/Q199781
French National Research Agency,ANR,France,Agence Nationale de la Recherche,Funder,https://openalex.org/F4320320883,Agence Nationale de la Recherche,"['ANR', 'French National Research Agency']",,https://anr.fr,,https://ror.org/00rbzpz17,https://www.wikidata.org/entity/Q392500
Association Nationale de la Recherche et de la Technologie,ANRT,France,,Funder,https://openalex.org/F4320321663,Association Nationale de la Recherche et de la Technologie,"['ANRT', 'National Association for Research and Technology']",organization for coordination of public and private research efforts in France,http://www.anrt.asso.fr,,https://ror.org/00ht2ab73,https://www.wikidata.org/entity/Q2867877
Canadian Institutes of Health Research,CIHR,Canada,,Funder,https://openalex.org/F4320334506,Canadian Institutes of Health Research,"['CIHR', 'IRSC', 'Instituts de Recherche en Santé du Canada']",organization,http://www.cihr-irsc.gc.ca/e/193.html,,https://ror.org/01gavpb45,https://www.wikidata.org/entity/Q5030193
Canada Foundation for Innovation,CFI,Canada,,Funder,https://openalex.org/F4320319952,Canada Foundation for Innovation,"['CFI', 'Fondation canadienne pour l’innovation']",foundation,http://www.innovation.ca,,https://ror.org/000az4664,https://www.wikidata.org/entity/Q5029366
Swedish Innovation Agency,Vinnova,Sweden,Verket för innovationssystem,Funder,https://openalex.org/F4320321030,VINNOVA,['Swedish Governmental Agency for Innovation Systems'],Swedish administrative authority,http://www.vinnova.se/en,https://commons.wikimedia.org/w/index.php?title=Special:Redirect/file/Vinnova.svg&width=300,https://ror.org/01kd5m353,https://www.wikidata.org/entity/Q4355568
National Institute for Health and Care Research,NIHR,United Kingdom,,Funder,https://openalex.org/F4320319990,National Institute for Health and Care Research,"['NIHR', 'National Institute for Health Research']",research organisation in health and care in the United Kingdom,http://www.nihr.ac.uk,https://commons.wikimedia.org/w/index.php?title=Special:Redirect/file/NIHR National Institute for Health and Care Research logo.png&width=300,https://ror.org/0187kwz08,https://www.wikidata.org/entity/Q6973576
German Research Foundation,DFG,Germany,Deutsche Forschungsgemeinschaft,Funder,https://openalex.org/F4320320879,Deutsche Forschungsgemeinschaft,"['German Research Association', 'DFG', 'German Research Foundation']","German research funding organisation, German Research Association in English",http://www.dfg.de/en,https://commons.wikimedia.org/w/index.php?title=Special:Redirect/file/DFG-logo-blau.svg&width=300,https://ror.org/018mejw64,https://www.wikidata.org/entity/Q707283
São Paulo Research Foundation,FAPESP,Brazil,Fundação de Amparo à Pesquisa do Estado de São Paulo,Funder,https://openalex.org/F4320320997,Fundação de Amparo à Pesquisa do Estado de São Paulo,"['São Paulo Research Foundation', 'Foundation for Research Support of the State of São Paulo', 'FAPESP', 'State of São Paulo Research Foundation']",research foundation,http://www.fapesp.br/en,https://commons.wikimedia.org/w/index.php?title=Special:Redirect/file/Logo fapesp.png&width=300,https://ror.org/02ddkpn78,https://www.wikidata.org/entity/Q5508997
Australian Research Council,ARC,Australia,,Funder,https://openalex.org/F4320334704,Australian Research Council,"['The Australian Research Council', 'ARC']",the Australian Government's main research funding body for tertiary institutions,http://www.arc.gov.au,,https://ror.org/05mmh0f86,https://www.wikidata.org/entity/Q4824612
Swedish Research Council,VR,Sweden,Vetenskapsrådet,Funder,https://openalex.org/F4320322581,Vetenskapsrådet,"['VR', 'Swedish Research Council']",Swedish administrative authority,https://www.vr.se,https://commons.wikimedia.org/w/index.php?title=Special:Redirect/file/Vetenskapsrådet.JPG&width=300,https://ror.org/03zttf063,https://www.wikidata.org/entity/Q7654827
Swiss National Science Foundation,SNSF,Switzerland,Schweizerischer Nationalfonds,Funder,https://openalex.org/F4320320924,Schweizerischer Nationalfonds zur Förderung der Wissenschaftlichen Forschung,"['Fondo Nazionale Svizzero', 'Fonds National Suisse', 'Schweizerische Nationalfonds', 'Fondo Nazionale Svizzero per la Ricerca Scientifica', 'SNSF', 'Fonds National Suisse de la Recherche Scientifique', 'Swiss National Science Foundation', 'FNS', 'SNF', 'Schweizerischer Nationalfonds']",foundation,https://www.snf.ch,https://commons.wikimedia.org/w/index.php?title=Special:Redirect/file/SNF logo Swiss National Science Foundation.png&width=300,https://ror.org/00yjd3n13,https://www.wikidata.org/entity/Q471732
National Aeronautics and Space Administration,NASA,United States,,Funder,https://openalex.org/F4320306101,National Aeronautics and Space Administration,"['US National Aeronautics & Space Administration', 'United States National Aeronautics and Space Administration', 'NASA', 'National Aeronautics & Space Administration']",American space and aeronautics agency,http://www.nasa.gov,https://commons.wikimedia.org/w/index.php?title=Special:Redirect/file/NASA logo.svg&width=300,https://ror.org/027ka1x80,https://www.wikidata.org/entity/Q23548
Wellcome Trust,,United Kingdom,,Charity,https://openalex.org/F4320311904,Wellcome Trust,"['The Wellcome Trust', 'WT', 'Wellcome']","healthcare research charity based in London, United Kingdom",https://wellcome.org,https://commons.wikimedia.org/w/index.php?title=Special:Redirect/file/Wellcome Trust logo.svg&width=300,https://ror.org/029chgv08,https://www.wikidata.org/entity/Q326276
Academy of Finland,AKA,Finland,Suomen Akatemia,Funder,https://openalex.org/F4320321108,Academy of Finland,"['Suomen Akatemia', 'AKA', 'The Academy of Finland', 'Finlands Akademi']",govermental funding body for scientific research in Finland,https://www.aka.fi,https://commons.wikimedia.org/w/index.php?title=Special:Redirect/file/Suomen Akatemia Logo.svg&width=300,https://ror.org/05k73zm37,https://www.wikidata.org/entity/Q414422
American Cancer Society,ACS,United States,,Charity,https://openalex.org/F4320306095,American Cancer Society,"['ACS, INC.', 'American Cancer Society, Inc.', 'Sociedad Americana Contra El Cáncer', 'AMERICAN CANCER SOCIETY INC', 'American Cancer Society Inc.', 'ACS', 'The American Cancer Society', 'American Cancer Society, Inc']",health organization seeking to cure and treat cancer,http://www.cancer.org,,https://ror.org/02e463172,https://www.wikidata.org/entity/Q463665
U.S. Department of Energy,DOE,United States,,Funder,https://openalex.org/F4320306084,U.S. Department of Energy,"['US Department of Energy', 'DOE', 'United States Department of Energy', 'Department of Energy', 'USDOE', 'Energy Department', 'ENERGY.GOV', 'USADOE', 'US DOE']",cabinet-level department of the United States government,https://www.energy.gov,https://commons.wikimedia.org/w/index.php?title=Special:Redirect/file/US Dept of Energy Forrestal Building.jpg&width=300,https://ror.org/01bj3aw27,https://www.wikidata.org/entity/Q217810
U.S. Department of Defense,DoD,United States,,Funder,https://openalex.org/F4320306078,U.S. Department of Defense,"['Department of Defense', 'United States Department of Defense', 'US Department of Defense', 'USDOD', 'U.S. Dept of Defense', 'US Dept of Defense', 'DOD']",executive department of the United States federal government,https://www.defense.gov,https://commons.wikimedia.org/w/index.php?title=Special:Redirect/file/United States Department of Defense Logo.svg&width=300,https://ror.org/0447fe631,https://www.wikidata.org/entity/Q11209
European Commission,EC,European Union,H2020|Horizon 2020|FP6|FP7|Horizon Europe|EU H2020|European Union Seventh Framework Programme|EU FP7|Marie Skłodowska-Curie|Marie Curie|ERC|European Research Council,Funder,https://openalex.org/F4320320300,European Commission,"['Europeiska kommissionen', 'Ευρωπαϊκής Επιτροπής', 'Comisia Europeană', 'Europese Commissie', 'Euroopa Komisjoni', 'Eiropas Komisiju', 'Euroopan komission', 'Europskoj komisiji', 'EU', 'Choimisiúin Eorpaigh', 'EU-Kommissionen', 'Evropski komisiji', 'EC', 'Comisión Europea', 'Europos Komisijos', 'Europäische Kommission', 'La Commissione europea', 'Evropské komise', 'Comissão Europeia', 'Európskej komisii', 'Европейската комисия', 'Európai Bizottságról', 'Komisja Europejska', 'Commissione europea', 'European Union', 'Commission européenne']",executive branch of the European Union,http://ec.europa.eu/index_en.htm,https://commons.wikimedia.org/w/index.php?title=Special:Redirect/file/European Commission.svg&width=300,https://ror.org/00k4n6c32,https://www.wikidata.org/entity/Q8880
UK Research and Innovation,UKRI,United Kingdom,,Funder,https://openalex.org/F4320314731,UK Research and Innovation,['UKRI'],research funding body for the United Kingdom,https://www.ukri.org,https://commons.wikimedia.org/w/index.php?title=Special:Redirect/file/UK Research and Innovation logo.svg&width=300,https://ror.org/001aqnf71,https://www.wikidata.org/entity/Q38609561
Federal Ministry of Education and Research,BMBF,Germany,Bundesministerium für Bildung und Forschung,Funder,https://openalex.org/F4320321114,Bundesministerium für Bildung und Forschung,"['Federal Ministry of Education and Research', 'BMBF']",Ministry of Education and Research of Germany,https://www.bmbf.de,https://commons.wikimedia.org/w/index.php?title=Special:Redirect/file/BMBF Logo.svg&width=300,https://ror.org/04pz7b180,https://www.wikidata.org/entity/Q492234
Netherlands Organisation for Health Research and Development,ZonMw,Netherlands,,Funder,https://openalex.org/F4320321007,ZonMw,['Netherlands Organisation for Health Research and Development'],,https://www.zonmw.nl,,https://ror.org/01yaj9a77,https://www.wikidata.org/entity/Q14528354
"Swedish Research Council for Environment, Agricultural Sciences and Spatial Planning",Formas,Sweden,,Funder,https://openalex.org/F4320321033,Svenska Forskningsrådet Formas,"['Swedish Research Council for Environment, Agricultural Sciences and Spatial Planning', 'Formas', 'Swedish Research Council Formas']",,http://www.formas.se/en,,https://ror.org/03pjs1y45,
"Swedish Research Council for Health, Working Life and Welfare",Forte,Sweden,,Funder,https://openalex.org/F4320324004,"Forskningsrådet om Hälsa, Arbetsliv och Välfärd","['Swedish Research Council for Health, Working Life and Welfare', 'FORTE']",,http://www.forte.se/en,,https://ror.org/02d290r06,
Danmarks Frie Forskningsfond,DFF,Denmark,Research Council of Denmark,Funder,https://openalex.org/F4320322928,Danmarks Frie Forskningsfond,"['Danish Council for Independent Research', 'Det Frie Forskningsrad', 'Independent Research Fund Denmark', 'DFF']",Danish Research and Advisory Agency,https://ufm.dk/en/the-ministry/organisation/danish-agency-for-science-and-higher-education,,https://ror.org/02sptwz63,https://www.wikidata.org/entity/Q12308341
Foundation for Science and Technology,FCT,Portugal,Fundação para a Ciência e a Tecnologia|Portuguese Foundation for Science and Technology,Funder,https://openalex.org/F4320334779,Fundação para a Ciência e a Tecnologia,"['FCT', 'Portuguese Science and Technology Foundation', 'Foundation for Science and Technology']",Portuguese government agency,http://www.fct.pt,,https://ror.org/00snfqn58,https://www.wikidata.org/entity/Q5509000
State Research Agency,AEI,Spain,Agencia Estatal de Investigación,Funder,https://openalex.org/F4320335598,Agencia Estatal de Investigación,"['Spanish State Research Agency', 'AEI', 'Spanish Agencia Estatal de Investigación']",Spanish science and research funding agency,https://www.aei.gob.es,https://commons.wikimedia.org/w/index.php?title=Special:Redirect/file/Logo Agencia Estatal de Investigación.jpg&width=300,,https://www.wikidata.org/entity/Q32826443
Carlos III Health Institute,ISCIII,Spain,Instituto de Salud Carlos III,Funder,https://openalex.org/F4320334923,Instituto de Salud Carlos III,"['ISCIII', 'Institute of Health Carlos III', 'Carlos III Health Institute']",Spanish medical research and financing institut,https://www.isciii.es,https://commons.wikimedia.org/w/index.php?title=Special:Redirect/file/Logo ISCIII.svg&width=300,https://ror.org/00ca2c886,https://www.wikidata.org/entity/Q5918335
"Ministry of Education, Universities and Research",MIUR,Italy,"Ministero dell'Istruzione, dell'Università e della Ricerca",Funder,https://openalex.org/F4320321873,"Ministero dell’Istruzione, dell’Università e della Ricerca","['Ministry of Education, Universities and Research', 'MIUR', 'Ministry of Education, University and Research']","Italian Government department for education, universities and research, 2001-2020",http://www.miur.gov.it,https://commons.wikimedia.org/w/index.php?title=Special:Redirect/file/Trastevere - Min PI 1190629.JPG&width=300,https://ror.org/0166hxq48,https://www.wikidata.org/entity/Q1307461
National Research Council,CNR,Italy,Consiglio Nazionale delle Ricerche,Funder,https://openalex.org/F4320334601,National Research Council Canada,"['CNRC', 'NRC', 'Conseil national de recherches Canada']",primary national research and technology organization of the Government of Canada,http://www.nrc-cnrc.gc.ca/eng/#,https://commons.wikimedia.org/w/index.php?title=Special:Redirect/file/National Research Council (Canada) logo.svg&width=300,https://ror.org/04mte1k06,https://www.wikidata.org/entity/Q1437507
National Science Centre,NCN,Poland,Narodowe Centrum Nauki,Funder,https://openalex.org/F4320322511,Narodowe Centrum Nauki,"['National Science Centre', 'NCN']",Polish research funder,https://www.ncn.gov.pl,,https://ror.org/03ha2q922,https://www.wikidata.org/entity/Q11789682
Austrian Science Fund,FWF,Austria,Fonds zur Förderung der wissenschaftlichen Forschung,Funder,https://openalex.org/F4320321181,Austrian Science Fund,"['FWF - The Austrian Science Fund', 'FFWF', 'FWF Der Wissenschaftsfonds', 'FWF EN', 'Der Wissenschaftsfonds FWF', 'Fonds zur Förderung der Wissenschaftlichen Forschung', 'FWF Austrian Science Fund', 'FWF']",Austrian organization,https://www.fwf.ac.at,https://commons.wikimedia.org/w/index.php?title=Special:Redirect/file/Logo Österreichischer Wissenschaftsfonds FWF.jpg&width=300,https://ror.org/013tf3c58,https://www.wikidata.org/entity/Q383273
Czech Science Foundation,GACR,Czech Republic,Grantová agentura České republiky,Funder,https://openalex.org/F4320321006,Grantová Agentura České Republiky,"['Czech Science Foundation', 'Grant Agency of the Czech Republic', 'GAČR', 'GA ČR', 'GACR']",,http://gacr.cz/en,"https://commons.wikimedia.org/w/index.php?title=Special:Redirect/file/Evropská, Office Park Hadovka, z ulice Na Vlčovce.jpg&width=300",https://ror.org/01pv73b02,https://www.wikidata.org/entity/Q12018444
National Natural Science Foundation of China,NSFC,China,,Funder,https://openalex.org/F4320321001,National Natural Science Foundation of China,"['NNSF of China', 'Guójiā Zìrán Kēxué Jījīn Wěiyuánhuì', 'NSF of China', 'The National Natural Science Foundation of China', '国家自然科学基金委员会', 'National Nature Science Foundation of China', 'NSFC', 'National Science Foundation of China', 'Natural Science Foundation of China', 'NNSFC', 'Chinese National Science Foundation', 'NNSF']",Chinese government body,https://www.nsfc.gov.cn,https://commons.wikimedia.org/w/index.php?title=Special:Redirect/file/National Natural Science Foundation of China (20230310102823).jpg&width=300,https://ror.org/01h0zpd94,https://www.wikidata.org/entity/Q4501917
National Key R&D Program,,China,,Funder,https://openalex.org/F4320335777,National Key Research and Development Program of China,"['NKRDPC', 'Special Fund for the National Key Research and Development Plan', '973 Program', 'National Basic Research Program of China', 'NKPs', 'National Plan on Key Basic Research and Development', 'National Program on Key Basic Research Project (973 Program)', 'National Key Research and Development of China', '重点基础研究发展计划', 'National Key R&D Program of China', 'National Key R&D Programmes of China', ""China's National Key R&D Programmes"", 'National Basic Research Program', 'National Basic Research Program of China (973 Program)', 'China National Key Research and Development Plan Project', 'National Key Research and Development Program']",,,,,
Chinese Academy of Sciences,CAS,China,,Funder,https://openalex.org/F4320321133,Chinese Academy of Sciences,"['CAS', '中国科学院']",national academy for natural sciences of China,http://english.cas.cn,https://commons.wikimedia.org/w/index.php?title=Special:Redirect/file/Chinese Academy of Sciences headquarters (20170613183619).jpg&width=300,https://ror.org/034t30j35,https://www.wikidata.org/entity/Q530471
China Postdoctoral Science Foundation,CPSF,China,,Funder,https://openalex.org/F4320321543,China Postdoctoral Science Foundation,[],"nonprofit organization in Beijing, China",http://res.chinapostdoctor.org.cn/BshWeb/index.shtml,,https://ror.org/0426zh255,https://www.wikidata.org/entity/Q30296542
Natural Science Foundation of Jiangsu Province,,China,,Funder,https://openalex.org/F4320322769,Natural Science Foundation of Jiangsu Province,"['Jiangsu Provincial Natural Science Foundation', 'Jiangsu Natural Science Foundation', 'Jiangsu Province Natural Science Foundation']",Chinese government body,https://www.nsfc.gov.cn,https://commons.wikimedia.org/w/index.php?title=Special:Redirect/file/National Natural Science Foundation of China (20230310102823).jpg&width=300,https://ror.org/01h0zpd94,https://www.wikidata.org/entity/Q4501917
Natural Science Foundation of Guangdong Province,,China,,Funder,https://openalex.org/F4320321921,Natural Science Foundation of Guangdong Province,"['Guangdong Natural Science Foundation', 'Guangdong Provincial Natural Science Foundation', 'Natural Science Foundation of Guangdong']",,,,,https://www.wikidata.org/wiki/Q38081418
Japan Science and Technology Agency,JST,Japan,,Funder,https://openalex.org/F4320334789,Japan Science and Technology Agency,"['JST', 'SCIENCE AND TECHNOLOGY AGENCY OF JAPAN', '国立研究開発法人科学技術振興機構', 'Japan Science & Technology Agency']",Japanese government agency,https://www.jst.go.jp,,https://ror.org/00097mb19,https://www.wikidata.org/entity/Q11595927
Japan Agency for Medical Research and Development,AMED,Japan,,Funder,https://openalex.org/F4320311405,Japan Agency for Medical Research and Development,"['AMED', '日本医療研究開発機構', 'The Japan Agency for Medical Research and Development', ""Japan's Agency for Medical Research and Development""]","facility in Tokyo, Japan",http://www.amed.go.jp/en,https://commons.wikimedia.org/w/index.php?title=Special:Redirect/file/Hiroto Izumi Akira Amari Shinzo Abe and Makoto Suematsu 20150403 2.jpg&width=300,https://ror.org/004rtk039,https://www.wikidata.org/entity/Q23010232
National Research Foundation,NRF,South Korea,,Funder,https://openalex.org/F4320322120,National Research Foundation of Korea,"['NRF', '한국연구재단이 창의적 연구와']",South korean national research funding organization,http://www.nrf.re.kr/nrf_eng_cms,https://commons.wikimedia.org/w/index.php?title=Special:Redirect/file/National Research Foundation of Korea logo in Korean.jpg&width=300,https://ror.org/013aysd81,https://www.wikidata.org/entity/Q6431703
Ministry of Science and ICT,MSIT,South Korea,,Funder,https://openalex.org/F4320328359,"Ministry of Science and ICT, South Korea","['Ministry of Science and ICT of South Korea', 'Ministry of Science and ICT (South Korea)', 'MSIT', '과학기술정보통신부', 'Ministry of Science and ICT', 'South Korea Ministry of Science, ICT', '科學技術情報通信部']",administrative agency of the Republic of Korea,https://www.msit.go.kr,https://commons.wikimedia.org/w/index.php?title=Special:Redirect/file/Minister of Science and ICT Logo.png&width=300,https://ror.org/01wpjm123,https://www.wikidata.org/entity/Q33366149
National Science and Technology Council,NSTC,Taiwan,,Funder,https://openalex.org/F4320331164,National Science and Technology Council,"['National Science and Technology Council of Zambia', 'NSTC']",,http://www.nstc.org.zm,,https://ror.org/00wnb9798,
Department of Science and Technology,DST,India,,Funder,https://openalex.org/F4320320719,"Department of Science and Technology, Ministry of Science and Technology, India","['डीएसटी', 'Department of Science & Technology, Ministry of Science and Technology, India', 'Department of Science & Technology', 'DST', 'विज्ञान और प्रौद्योगिकी विभाग', 'Department of Science and Technology', 'विज्ञान और प्रौद्योगिकी विभाग, विज्ञान और प्रौद्योगिकी मंत्रालय, भारत']",Indian government agency,http://dst.gov.in,,https://ror.org/0101xrq71,https://www.wikidata.org/entity/Q3595663
Science and Engineering Research Board,SERB,India,,Funder,https://openalex.org/F4320334771,Science and Engineering Research Board,"['विज्ञान और इंजीनियरिंग अनुसंधान बोर्ड', 'SERB']",statutory body of the government of India,http://www.serb.gov.in/home.php,,https://ror.org/03ffdsr55,https://www.wikidata.org/entity/Q17053587
Department of Biotechnology,DBT,India,,Funder,https://openalex.org/F4320320717,"Department of Biotechnology, Ministry of Science and Technology, India","['Dept. of Biotechnology, Govt of India', 'बायोटेक्नोलॉजी विभाग विज्ञान और प्रौद्योगिकी मंत्रालय, भारत सरकार', 'Department of Biotechnology, Ministry of Science & Technology, India', 'DBT', 'Department of Biotechnology']",organization,http://www.dbtindia.nic.in,https://commons.wikimedia.org/w/index.php?title=Special:Redirect/file/Emblem of India.svg&width=300,https://ror.org/03tjsyq23,https://www.wikidata.org/entity/Q5260163
Council of Scientific and Industrial Research,CSIR,India,,Funder,https://openalex.org/F4320320721,"Council of Scientific and Industrial Research, India","['CSIR, India', 'CSIR', 'Council of Scientific and Industrial Research', 'Council of Scientific & Industrial Research', 'वैज्ञानिक तथा औद्योगिक अनुसंधान परिषद', 'CSIR INDIA', 'सीएसआईआर']",Indian scientific research and development organization,http://www.csir.res.in,"https://commons.wikimedia.org/w/index.php?title=Special:Redirect/file/CSIR-IGIB, South Campus.jpg&width=300",https://ror.org/021wm7p51,https://www.wikidata.org/entity/Q3519967
Indian Council of Medical Research,ICMR,India,,Funder,https://openalex.org/F4320320720,Indian Council of Medical Research,['ICMR'],Government Organization,http://www.icmr.nic.in,,https://ror.org/0492wrx28,https://www.wikidata.org/entity/Q291019
National Council for Scientific and Technological Development,CNPq,Brazil,Conselho Nacional de Desenvolvimento Científico e Tecnológico,Funder,https://openalex.org/F4320322025,Conselho Nacional de Desenvolvimento Científico e Tecnológico,"['National Council for Scientific and Technological Development', 'Brazilian National Council for Research and Development', 'CNPq']",organization of the Brazilian federal government under the Ministry of Science and Technology,https://www.gov.br/cnpq/pt-br,https://commons.wikimedia.org/w/index.php?title=Special:Redirect/file/II Seminário de Acompanhamento e Avaliação das Chamadas Nexus I e II (49050416452).jpg&width=300,https://ror.org/03swz6y49,https://www.wikidata.org/entity/Q2994429
Coordination for the Improvement of Higher Education Personnel,CAPES,Brazil,Coordenação de Aperfeiçoamento de Pessoal de Nível Superior,Funder,https://openalex.org/F4320321091,Coordenação de Aperfeiçoamento de Pessoal de Nível Superior,"['Coordination for the Improvement of Higher Education Personnel', 'CAPES', 'Brazilian Federal Agency for the Support and Evaluation of Graduate Education']",Brazilian government agency overseeing postgraduate education,https://www.gov.br/capes,https://commons.wikimedia.org/w/index.php?title=Special:Redirect/file/CAPES Logo.gif&width=300,https://ror.org/00x0ma614,https://www.wikidata.org/entity/Q16944548
National Scientific and Technical Research Council,CONICET,Argentina,Consejo Nacional de Investigaciones Científicas y Técnicas,Funder,https://openalex.org/F4320321594,Consejo Nacional de Investigaciones Científicas y Técnicas,"['National Scientific and Technical Research Council', 'CONICET']",Argentine research council,http://www.conicet.gov.ar,https://commons.wikimedia.org/w/index.php?title=Special:Redirect/file/Conicet Logo con letras.png&width=300,https://ror.org/03cqe8w59,https://www.wikidata.org/entity/Q6978293
National Agency for Research and Development,ANID,Chile,Agencia Nacional de Investigación y Desarrollo,Funder,https://openalex.org/F4320331146,Agencia Nacional de Investigación y Desarrollo,"['National Agency for Research and Development, Government of Chile', 'ANID', 'Chilean National Agency for Research and Development', 'Agencia Nacional de Investigación y Desarrollo de Chile']",,https://www.anid.cl,"https://commons.wikimedia.org/w/index.php?title=Special:Redirect/file/Agencia Nacional de Investigación y Desarrollo, entrada.jpg&width=300",,https://www.wikidata.org/entity/Q60169264
Israel Science Foundation,ISF,Israel,,Funder,https://openalex.org/F4320322252,Israel Science Foundation,"['ISF', 'הקרן הלאומית למדע', 'The Israel Science Foundation']",nonprofit organization,http://www.isf.org.il/english,https://commons.wikimedia.org/w/index.php?title=Special:Redirect/file/Sign ISF & CHEI.jpg&width=300,https://ror.org/04sazxf24,https://www.wikidata.org/entity/Q12406961
Scientific and Technological Research Council of Turkey,TÜBİTAK,Turkey,,Funder,https://openalex.org/F4320322626,Türkiye Bilimsel ve Teknolojik Araştırma Kurumu,"['Scientific and Technological Research Council of Turkey', 'TÜRKİYE BİLİMSEL VE TEKNOLOJİK ARAŞTIRMA KURUMU', 'Türkiye Bilimsel ve Teknolojik Araştirma Kurumu', 'TUBITAK', 'TÜBİTAK']",Scientific and Technological Research Council of Turkey,http://www.tubitak.gov.tr/en,https://commons.wikimedia.org/w/index.php?title=Special:Redirect/file/TÜBİTAK logo.svg&width=300,https://ror.org/04w9kkr77,https://www.wikidata.org/entity/Q2096577
Howard Hughes Medical Institute,HHMI,United States,,Charity,https://openalex.org/F4320306082,Howard Hughes Medical Institute,"['The Howard Hughes Medical Institute', 'HHMI']",foundation,http://www.hhmi.org,https://commons.wikimedia.org/w/index.php?title=Special:Redirect/file/HHMI-horizontal-signature-color.jpg&width=300,https://ror.org/006w34k90,https://www.wikidata.org/entity/Q1512226
Simons Foundation,,United States,,Charity,https://openalex.org/F4320306164,Simons Foundation,"['The Simons Foundation', 'SF', 'The Simons Foundation Inc.', 'The Simons Foundation, Inc.', 'The Simons Foundation, Inc', 'The Simons Foundation Inc', 'Simons Foundation Inc']","nonprofit organization in New York, United States",https://www.simonsfoundation.org,https://commons.wikimedia.org/w/index.php?title=Special:Redirect/file/Simons Foundation wordmark 2021.svg&width=300,https://ror.org/01cmst727,https://www.wikidata.org/entity/Q28148561
Chan Zuckerberg Initiative,CZI,United States,,Charity,https://openalex.org/F4320315474,Chan Zuckerberg Initiative,"['CZI', 'Chan Zuckerberg Initiative LLC', 'The Chan Zuckerberg Initiative']",company founded by Marc Zuckerberg and Priscilla Chan,https://chanzuckerberg.com,https://commons.wikimedia.org/w/index.php?title=Special:Redirect/file/Chan Zuckerberg Initiative.svg&width=300,https://ror.org/02qenvm24,https://www.wikidata.org/entity/Q21623039
Alfred P. Sloan Foundation,,United States,,Charity,https://openalex.org/F4320306151,Alfred P. Sloan Foundation,"['Alfred P Sloan Foundation', 'APSF', 'Sloan Foundation', 'The Alfred P. Sloan Foundation']",,http://www.sloan.org,,https://ror.org/052csg198,
Arnold Ventures,,United States,Laura and John Arnold Foundation,Charity,https://openalex.org/F4320315359,Arnold Ventures,"['Arnold Ventures LLC', 'AVLLC', 'AV']",American philanthropy company,https://www.arnoldventures.org,https://commons.wikimedia.org/w/index.php?title=Special:Redirect/file/Arnold Ventures logo 2021.svg&width=300,,https://www.wikidata.org/entity/Q108956360
American Heart Association,AHA,United States,,Charity,https://openalex.org/F4320306230,American Heart Association,"['AMERICAN HEART ASSOCIATION INC', 'AMERICAN HEART ASSN.', 'American Heart Association, Inc.', 'AHA', 'American Heart Assn', 'AMERICAN HEART ASSOC.', 'American Heart Association, Inc']","US nonprofit funding cardiovascular medical research, educating consumers on healthy living, and fostering cardiac care",http://www.heart.org/HEARTORG,,https://ror.org/013kjyp64,https://www.wikidata.org/entity/Q464880
Burroughs Wellcome Fund,BWF,United States,,Charity,https://openalex.org/F4320306133,Burroughs Wellcome Fund,"['The Burroughs Wellcome Fund', 'BWF']",American non-profit medical research organization,http://www.bwfund.org,,https://ror.org/01d35cw23,https://www.wikidata.org/entity/Q5000488
Rita Allen Foundation,,United States,,Charity,https://openalex.org/F4320306590,Rita Allen Foundation,"['Rita Allen Foundation, Inc.', 'RAF', 'The Rita Allen Foundation', 'Rita Allen Foundation Inc']","nonprofit organization in Princeton, United States",http://www.ritaallen.org,https://commons.wikimedia.org/w/index.php?title=Special:Redirect/file/Rita Allen Foundation 2021.svg&width=300,https://ror.org/0515k5w36,https://www.wikidata.org/entity/Q30296792
Arcadia Fund,,United Kingdom,Arcadia – a charitable fund of Lisbet Rausing and Peter Baldwin,Charity,https://openalex.org/F4320313262,Arcadia Fund,"['The Arcadia Fund', 'Arcadia']",,https://www.arcadiafund.org.uk,,https://ror.org/051z6e826,
John Templeton Foundation,,United States,,Charity,https://openalex.org/F4320306193,John Templeton Foundation,"['مؤسسة جون تمبلتون', 'Fundación John Templeton', 'Templeton Foundation', 'Fundação John Templeton', 'JTF', 'The John Templeton Foundation']",philanthropic organization,https://www.templeton.org,,https://ror.org/035tnyy05,https://www.wikidata.org/entity/Q3026166
Open Society Foundations,OSF,United States,,Charity,https://openalex.org/F4320306189,Open Society Foundations,"['The Open Society Foundations', 'OSF']",international grantmaking network founded by business magnate George Soros,https://www.opensocietyfoundations.org,https://commons.wikimedia.org/w/index.php?title=Special:Redirect/file/Open Society Foundations Logo.svg&width=300,https://ror.org/00qnfvz68,https://www.wikidata.org/entity/Q786194
Lumina Foundation,,United States,,Charity,https://openalex.org/F4320306409,Lumina Foundation,"['Lumina Foundation for Education Inc.', 'Lumina', 'The Lumina Foundation', 'Lumina Foundation for Education Inc', 'Lumina Foundation for Education', 'Lumina Foundation For Education, Inc.']",non-profit educational organization,https://www.luminafoundation.org,https://commons.wikimedia.org/w/index.php?title=Special:Redirect/file/Logo Lumina Foundation.png&width=300,https://ror.org/02v5bg165,https://www.wikidata.org/entity/Q6703242
Paul G. Allen Frontiers Group,,United States,,Charity,https://openalex.org/F4320317068,Paul G. Allen Frontiers Group,"['The Paul G. Allen Frontiers Group', 'Allen Institute', 'The Frontiers Group']",bioscience research initiative,,,,https://www.wikidata.org/entity/Q25104080
Rockefeller Foundation,,United States,,Charity,https://openalex.org/F4320306149,Rockefeller Foundation,"['Rockefeller Fdn', 'The Rockefeller Foundation']",United States-based philanthropic organization,https://www.rockefellerfoundation.org,https://commons.wikimedia.org/w/index.php?title=Special:Redirect/file/The Rockefeller Foundation Logo.png&width=300,https://ror.org/03sfkwk85,https://www.wikidata.org/entity/Q862034
Ford Foundation,,United States,,Charity,https://openalex.org/F4320306081,Ford Foundation,"['Ford', 'The Ford Foundation', 'FORDFOUNDATION', 'FF', 'Ford Foundation Center for Social Justice']",private foundation based in New York City,http://www.fordfoundation.org,https://commons.wikimedia.org/w/index.php?title=Special:Redirect/file/Logo of the Ford Foundation.png&width=300,https://ror.org/02fvtx219,https://www.wikidata.org/entity/Q1313036
Robert Wood Johnson Foundation,RWJF,United States,,Charity,https://openalex.org/F4320306139,Robert Wood Johnson Foundation,"['The Robert Wood Johnson Foundation', 'RWJ Foundation', 'RWJF']",American philanthropic organization,http://www.rwjf.org,https://commons.wikimedia.org/w/index.php?title=Special:Redirect/file/Robert Wood Johnson Foundation logo 2021.svg&width=300,https://ror.org/02ymmdj85,https://www.wikidata.org/entity/Q3075569
National Fund for Scientific and Technological Development,FONDECYT,Chile,ANID/FONDECYT,Funder,https://openalex.org/F4320338073,Fondo Nacional de Desarrollo Científico y Tecnológico,"['National Fund for Scientific and Technological Development', 'FONDECYT', 'El Fondo Nacional de Desarrollo Científico y Tecnológico']",Chilean government fund for science and technology research,https://www.anid.cl,,https://ror.org/02ap3w078,https://www.wikidata.org/entity/Q5863568
"Ministry of Science, Technology and Innovation",MinCiencias,Colombia,,Funder,https://openalex.org/F4320321992,"Ministério da Ciência, Tecnologia e Inovação","['Ministry of Science, Technology and Innovation', 'Ministério da Ciência, Tecnologia e Inovações', 'MCTI']",ministry in Brazil,http://www.mct.gov.br,https://commons.wikimedia.org/w/index.php?title=Special:Redirect/file/Esplanada dos Ministérios - 49964267486.jpg&width=300,https://ror.org/050zdnc69,https://www.wikidata.org/entity/Q4251321
Consejo Nacional de Ciencia y Tecnología,CONACYT,Mexico,,Funder,https://openalex.org/F4320321739,Consejo Nacional de Ciencia y Tecnología,"['National Council of Science and Technology, Mexico', 'CONACYT']",Mexican government agency,http://secihti.mx,,https://ror.org/059ex5q34,https://www.wikidata.org/entity/Q5162816
"Consejo Nacional de Ciencia, Tecnología e Innovación Tecnológica",CONCYTEC,Peru,,Funder,https://openalex.org/F4320326614,"Consejo Nacional de Ciencia, Tecnología e Innovación Tecnológica",['CONCYTEC'],government organization in Peru,https://www.gob.pe/concytec,,https://ror.org/05c7j7r25,https://www.wikidata.org/entity/Q5737390
National Research Fund,NRF,Kenya,,Funder,https://openalex.org/F4320316581,"National Research Fund, Kenya","['Kenya National Research Fund', 'NRF']",,,,,
Tertiary Education Trust Fund,TETFund,Nigeria,,Funder,https://openalex.org/F4320325463,Tertiary Education Trust Fund,"['TETFund', 'Tertiary Education Trust Fund']",education Trust Fund in Nigeria,,,,https://www.wikidata.org/entity/Q22080986
Ministry of Higher Education Malaysia Grants System,MyGRANTS,Malaysia,MOHE,Funder,,,,,,,,
National Research Council of Thailand,NRCT,Thailand,Thai National Research Repository,Funder,https://openalex.org/F4320322817,National Research Council of Thailand,['NRCT'],"government organization in Bangkok, Thailand",http://en.nrct.go.th/en,,https://ror.org/018wfhg78,https://www.wikidata.org/entity/Q30296571
National Foundation for Science and Technology Development,NAFOSTED,Vietnam,,Funder,https://openalex.org/F4320309617,National Foundation for Science and Technology Development,"['National Foundation for Science & Technology Development', ""Vietnam's National Foundation for Science and Technology Development"", 'NAFOSTED', 'The National Foundation for Science and Technology Development', 'Vietnam National Foundation for Science and Technology Development', 'Quỹ phát triển khoa học và công nghệ Quốc gia']","government organization in Hanoi, Vietnam",http://www.nafosted.gov.vn/en,,https://ror.org/04rw64z44,https://www.wikidata.org/entity/Q30297404
International Development Research Centre,IDRC,Canada,,Funder,https://openalex.org/F4320319949,International Development Research Centre,"['Centre de recherches pour le développement international', 'CRDI', 'IDRC']",research institute,http://www.idrc.ca/EN/Pages/default.aspx,https://commons.wikimedia.org/w/index.php?title=Special:Redirect/file/International Development Research Centre logo.svg&width=300,https://ror.org/0445x0472,https://www.wikidata.org/entity/Q868017
Inter-American Development Bank,IDB,International,IADB,Funder,https://openalex.org/F4320307862,Inter-American Development Bank,"['Banco Interamericano de Desenvolvimento', 'IDB', 'Banco Interamericano de Desarrollo', 'BID', 'Banque Interaméricaine de Développement']",international organization,https://www.iadb.org,https://commons.wikimedia.org/w/index.php?title=Special:Redirect/file/IDB logo.svg&width=300,https://ror.org/02gjn4306,https://www.wikidata.org/entity/Q1153087
Qatar National Research Fund,QNRF,Qatar,,Funder,https://openalex.org/F4320332753,Qatar National Research Fund,"['QNRF', 'صندوق قطر الوطني للبحوث']",,https://www.qnrf.org/en-us,,https://ror.org/01svaqq28,https://www.wikidata.org/entity/Q18169239
National Agency for Research and Innovation,ANII,Uruguay,Agencia Nacional de Investigación e Innovación,Funder,https://openalex.org/F4320310753,Agencia Nacional de Investigación e Innovación,"['ANII', 'La Agencia Nacional de Investigación e Innovación', 'Agência Nacional para a Investigação e Inovação', 'National Agency for Research and Innovation']","government organization in Montevideo, Uruguay",http://www.anii.org.uy,,https://ror.org/03egaj678,https://www.wikidata.org/entity/Q30297336
"National Agency for the Promotion of Research, Technological Development and Innovation",Agencia I+D+i,Argentina,,Funder,https://openalex.org/F4320331467,"Agencia Nacional de Promoción de la Investigación, el Desarrollo Tecnológico y la Innovación","['Agencia I+D+i', 'National Agency for the Promotion of Research, Technological Development and Innovation']",,https://www.argentina.gob.ar/ciencia/agencia,,,https://www.wikidata.org/entity/Q60825667
National Research Foundation,NRF,South Africa,,Funder,https://openalex.org/F4320320671,National Research Foundation,['NRF'],autonomous statutory body of South Africa,http://www.nrf.ac.za,,https://ror.org/05s0g1g46,https://www.wikidata.org/entity/Q6978050
"Secretaría de Educación Superior, Ciencia, Tecnología e Innovación",SENESCYT,Ecuador,,Funder,https://openalex.org/F4320322526,"Secretaría de Educación Superior, Ciencia, Tecnología e Innovación","['SENESCYT', 'National Secretary of Higher Education, Science, Technology and Innovation']",government agency in Ecuador,http://www.educacionsuperior.gob.ec,,https://ror.org/056c6e777,https://www.wikidata.org/entity/Q10865837
"Ministry of Science, Technology and Telecommunications",MICITT,Costa Rica,,Funder,https://openalex.org/F4320323896,Ministerio de Ciencia Tecnología y Telecomunicaciones,"['Ministry of Science Technology and Telecommunications', 'Ministerio de Ciencia Tecnología y Telecomunicaciones de Costa Rica', 'Ministry of Science Technology and Telecommunications of Costa Rica', 'MICITT']",,http://www.micit.go.cr,,https://ror.org/05dbsyw70,
Carlos Chagas Filho Research Support Foundation,FAPERJ,Brazil,,Funder,https://openalex.org/F4320322749,Fundação Carlos Chagas Filho de Amparo à Pesquisa do Estado do Rio de Janeiro,"['FAPERJ', 'Carlos Chagas Filho Foundation for Research Support in Rio de Janeiro', 'Research Support Foundation for the State of Rio de Janeiro', 'Fundação de Amparo à Pesquisa do Estado do Rio de Janeiro']",agência de fomento,http://www.faperj.br,,https://ror.org/03kk0s825,https://www.wikidata.org/entity/Q10286268
Minas Gerais Research Foundation,FAPEMIG,Brazil,,Funder,https://openalex.org/F4320322980,Fundação de Amparo à Pesquisa do Estado de Minas Gerais,"['FAPEMIG', 'State of Minas Gerais Research Support Foundation', 'Minas Gerais State Research Foundation', 'FAPEMIG Foundation', 'Foundation for Research Support of the State of Minas Gerais']",,http://www.fapemig.br,,https://ror.org/00nc55f03,https://www.wikidata.org/entity/Q10286423
Funding Authority for Studies and Projects,FINEP,Brazil,,Funder,https://openalex.org/F4320322904,Financiadora de Estudos e Projetos,"['FINEP', 'Funding Authority for Studies and Projects']",government agency of Brazil,http://www.finep.gov.br,https://commons.wikimedia.org/w/index.php?title=Special:Redirect/file/Finep logo.png&width=300,https://ror.org/030w99567,https://www.wikidata.org/entity/Q5449568
Uganda National Council for Science and Technology,UNCST,Uganda,,Funder,https://openalex.org/F4320329661,Uganda National Council for Science and Technology,"['Uganda National Council for Science & Technology', 'UNCST']","government organization in Kampala, Uganda",http://www.uncst.go.ug,,https://ror.org/05jv1pq83,https://www.wikidata.org/entity/Q30285521
Tanzania Commission for Science and Technology,COSTECH,Tanzania,,Funder,https://openalex.org/F4320323478,Tanzania Commission for Science and Technology,['COSTECH'],,http://www.costech.or.tz,,https://ror.org/03e04g978,https://www.wikidata.org/entity/Q7684114
Alliance for Accelerating Excellence in Science in Africa,AESA,International (Africa),,Funder,https://openalex.org/F4320336118,Alliance for Accelerating Excellence in Science in Africa,['AESA'],,,,,
Lembaga Pengelola Dana Pendidikan,LPDP,Indonesia,Indonesia Endowment Fund for Education,Funder,https://openalex.org/F4320328515,Lembaga Pengelola Dana Pendidikan,"['Education Fund Management Institute', 'LPDP']",Indonesian government agency,https://lpdp.kemenkeu.go.id,,,https://www.wikidata.org/entity/Q19728377
National Research and Innovation Agency,BRIN,Indonesia,,Funder,https://openalex.org/F4320319804,Badan Riset dan Inovasi Nasional,"['THE NATIONAL RESEARCH AND INNOVATION AGENCY', 'BRIN', 'National Research and Innovation Agency']","Indonesian multidisciplinary science, research, and technology development superagency",http://www.brin.go.id,,,https://www.wikidata.org/entity/Q97200300
Department of Science and Technology,DOST,Philippines,,Funder,https://openalex.org/F4320326716,"Department of Science and Technology, Republic of the Philippines","['Department of Science and Technology, Philippines', 'DOST', 'Philippines Department of Science and Technology', 'Kagawaran ng Agham at Teknolohiya', 'Department of Science and Technology']",Philippine executive ministry of science and technology,http://www.dost.gov.ph,,https://ror.org/05tgxx705,https://www.wikidata.org/entity/Q3547215
Higher Education Commission,HEC,Pakistan,,Funder,https://openalex.org/F4320322799,"Higher Education Commission, Pakistan","['HEC', 'ہائیر ایجوکیشن کمیشن ، پاکستان']",statutory body formed by the Government of Pakistan,http://www.hec.gov.pk,,https://ror.org/038y3sz68,https://www.wikidata.org/entity/Q6792583
University Grants Commission,UGC,Bangladesh,,Funder,https://openalex.org/F4320316035,University Grants Commission of Bangladesh,"['University Grants Commission', 'বাংলাদেশ বিশ্ববিদ্যালয় মঞ্জুরী কমিশন', 'UGC']",Bangladeshi government university authority,http://www.ugc.gov.bd/en,https://commons.wikimedia.org/w/index.php?title=Special:Redirect/file/বাংলাদেশ বিশ্ববিদ্যালয় মঞ্জুরী কমিশনের লোগো.svg&width=300,https://ror.org/04jtt0w10,https://www.wikidata.org/entity/Q7894701
National Science Foundation,NSF,Sri Lanka,,Funder,https://openalex.org/F4320335353,National Science Foundation of Sri Lanka,"['National Science Foundation', 'ජාතික විද්\u200dයා පදනම', 'NSF']",successor to the Natural Resources Energy & Science Authority of Sri Lanka (NARESA),https://www.nsf.gov.lk,,https://ror.org/010xaa060,https://www.wikidata.org/entity/Q6978282
Nepal Academy of Science and Technology,NAST,Nepal,,Funder,https://openalex.org/F4320325646,Nepal Academy of Science and Technology,['NAST'],organization,http://nast.gov.np/new,,https://ror.org/00863x694,https://www.wikidata.org/entity/Q15995346
National Agency for Research on AIDS and Viral Hepatitis,ANRS,France,ANRS MIE,Funder,https://openalex.org/F4320321833,Agence Nationale de Recherches sur le Sida et les Hépatites Virales,"['National Agency for AIDS Research', 'ANRS', 'National Agency of Research on AIDS and Viral Hepatitis', 'National Agency for Research on AIDS and Viral Hepatitis']",,http://www.anrs.fr,,https://ror.org/01kv58h76,https://www.wikidata.org/entity/Q2826672
"French Agency for Food, Environmental and Occupational Health & Safety",ANSES,France,,Funder,https://openalex.org/F4320324529,"Agence Nationale de Sécurité Sanitaire de l’Alimentation, de l’Environnement et du Travail","['ANSES', 'French Agency for Food, Environmental and Occupational Health & Safety']",French governmental agency that deals with environmental and phytosanitary safety,https://www.anses.fr,,https://ror.org/0471kz689,https://www.wikidata.org/entity/Q392520
National Cancer Institute,INCa,France,Institut National du Cancer|French National Cancer Institute,Funder,https://openalex.org/F4320323807,Institut National Du Cancer,"['The French National Cancer Institute', 'INCa']","an anti-cancer ""public interest group"" in France",http://en.e-cancer.fr,,https://ror.org/03m8vkq32,https://www.wikidata.org/entity/Q3152443
Hubert Curien Partnerships,PHC,France,Partenariat Hubert Curien,Funder,,,,,,,,
Hospital Program for Clinical Research,PHRC,France,Programme Hospitalier de Recherche Clinique,Funder,,,,,,,,
France 2030 Investment Plan,PIA,France,Programme d’Investissements d’Avenir|Investissements d'Avenir|Labex|Equipex|France 2030,Funder,,,,,,,,
China Scholarship Council,CSC,China,Chinese Scholarship Council,Funder,https://openalex.org/F4320322725,China Scholarship Council,['CSC'],Chinese Ministry of Education body,https://www.csc.edu.cn,,https://ror.org/04atp4p48,https://www.wikidata.org/entity/Q5099895
Engineering and Physical Sciences Research Council,EPSRC,United Kingdom,,Funder,https://openalex.org/F4320334627,Engineering and Physical Sciences Research Council,['EPSRC'],funding body for engineering and physical sciences research in the United Kingdom,https://www.ukri.org/councils/epsrc,,https://ror.org/0439y7842,https://www.wikidata.org/entity/Q5377871
Natural Environment Research Council,NERC,United Kingdom,,Funder,https://openalex.org/F4320334631,Natural Environment Research Council,['NERC'],British Research Council,https://www.ukri.org/councils/nerc,,https://ror.org/02b5d8509,https://www.wikidata.org/entity/Q4272261
Medical Research Council,MRC,United Kingdom,,Funder,https://openalex.org/F4320334626,Medical Research Council,"['MRC', 'UK Medical Research Council']",institution responsible for co-ordinating and funding medical research in the United Kingdom,https://www.ukri.org/councils/mrc,,https://ror.org/03x94j517,https://www.wikidata.org/entity/Q746879
Economic and Social Research Council,ESRC,United Kingdom,,Funder,https://openalex.org/F4320334630,Economic and Social Research Council,['ESRC'],one of the Research Councils in the United Kingdom,https://www.ukri.org/councils/esrc,,https://ror.org/03n0ht308,https://www.wikidata.org/entity/Q5333434
Science and Technology Facilities Council,STFC,United Kingdom,,Funder,https://openalex.org/F4320334632,Science and Technology Facilities Council,"['STFC', 'Science & Technology Facilities Council']",UK science funding organization,https://www.ukri.org/councils/stfc,https://commons.wikimedia.org/w/index.php?title=Special:Redirect/file/UKRI STF Council-Logo Horiz-RGB.png&width=300,https://ror.org/057g20z61,https://www.wikidata.org/entity/Q1669366
European Regional Development Fund,ERDF,European Union,FEDER - Fonds européen de développement régional,Funder,https://openalex.org/F4320335322,European Regional Development Fund,"['Europejski Fundusz Rozwoju Regionalnego', 'ESRR', 'L-FEŻR', 'Den Europæiske Fond for Regionaludvikling', 'Europos Regionines Pletros Fondas', 'ERDF', 'Európsky Fond Regionálneho Rozvoja', 'FESR', 'ЕФРР', 'Eruf', 'EFRO', 'Evropski sklad za regionalni razvoj', 'Evropský fond pro regionální rozvoj', 'ERFA', 'FEDER', 'FEDER', 'Europäischer Fonds für regionale Entwicklung', 'Fundo Europeu de Desenvolvimento Regional', 'Europeiska regionala utvecklingsfonden', 'ΕΤΠΑ', 'Euroopa Regionaalarengu Fond', 'Fondo Europeo de Desarrollo Regional', 'Fonds Européen de Développement Régional', 'Il-Fond Ewropew għall-Iżvilupp Reġjonali', 'ERPF', 'Euroopan aluekehitysrahasto', 'ERAF', 'Fondo Europeo di Sviluppo Regionale', 'EAKR', 'ERFi', 'Европейски фонд за регионално развитие', 'Fondul European de Dezvoltare Regională', 'FEDR', 'Europees Fonds voor Regionale Ontwikkeling', 'Europski Fond za Regionalni Razvoj', 'EFRU', 'Európai Regionális Fejlesztési Alap', 'EFRR', 'EFRR', 'EFRE', 'Ευρωπαϊκό Ταμείο Περιφερειακής Ανάπτυξης', 'Eiropas Reģionālās attīstības fonds']",executive branch of the European Union,http://ec.europa.eu/index_en.htm,https://commons.wikimedia.org/w/index.php?title=Special:Redirect/file/European Commission.svg&width=300,https://ror.org/00k4n6c32,https://www.wikidata.org/entity/Q8880
Royal Society,,United Kingdom,,Funder,https://openalex.org/F4320320006,Royal Society,['The Royal Society'],English learned society for science,https://royalsociety.org,https://commons.wikimedia.org/w/index.php?title=Special:Redirect/file/Coat of arms of the Royal Society.svg&width=300,https://ror.org/03wnrjx87,https://www.wikidata.org/entity/Q123885
Russian Science Foundation,,Russia,,Funder,https://openalex.org/F4320324099,Russian Science Foundation,"['Российский научный фонд', 'RSF']","nonprofit organization in Moscow, Russia",http://rscf.ru/en,,https://ror.org/03y2gwe85,https://www.wikidata.org/entity/Q30297418
Russian Foundation for Basic Research,,Russia,,Funder,https://openalex.org/F4320321079,Russian Foundation for Basic Research,"['RFBR', 'РФФИ', 'Российский Фонд Фундаментальных Исследований']",,http://www.rfbr.ru,,https://ror.org/02mh1ke95,
EUROfusion,,European Union,,Funder,https://openalex.org/F4320319254,EUROfusion,['European fusion'],"research consortium of the European Union, which manages and funds European fusion research activities on behalf of Euratom",https://www.euro-fusion.org,,,https://www.wikidata.org/entity/Q20855594
Institut universitaire de France,IUF,France,,Funder,https://openalex.org/F4320322893,Institut Universitaire de France,['IUF'],French university institution,http://iuf.amue.fr,https://commons.wikimedia.org/w/index.php?title=Special:Redirect/file/Logo IUF.png&width=300,https://ror.org/055khg266,https://www.wikidata.org/entity/Q1665127
Région Ile de France,,France,Région IdF,Funder,,,,,,,,
Région Pays de la Loire,,France,,Funder,https://openalex.org/F4320327974,Conseil Régional des Pays de la Loire,"['Regional Council of Pays de la Loire', 'Région Pays de la Loire']",Deliberative regional assembly in France,,,,https://www.wikidata.org/entity/Q2994260
Région Bretagne,,France,Brittany region,Funder,https://openalex.org/F4320327215,Région Bretagne,"['Región de la Bretaña', 'Región de Bretaña', 'Region Bretanii', 'Regionu Bretanii', 'Brittany Region', 'Region Bretagne']",administrative region of France,https://www.bretagne.bzh,https://commons.wikimedia.org/w/index.php?title=Special:Redirect/file/Logotype de la Région Bretagne.tif&width=300,,https://www.wikidata.org/wiki/Q12130
Région Grand Est,,France,Région Alsace|Région Lorraine,Funder,,,,,,,,
Région Auvergne Rhône Alpes,,France,Région Auvergne|Région Rhône Alpes|Rhône-Alpes Region,Funder,https://openalex.org/F4320326245,Région Auvergne-Rhône-Alpes,"['La Région Auvergne-Rhône-Alpes', 'Auvergne-Rhône-Alpes region']",French administrative region,https://www.auvergnerhonealpes.fr,https://commons.wikimedia.org/w/index.php?title=Special:Redirect/file/Logo Auvergne-Rhône-Alpes.png&width=300,,https://www.wikidata.org/entity/Q18338206
Région Occitanie,,France,Région Midi Pyrénées,Funder,https://openalex.org/F4320328356,Région Occitanie Pyrénées-Méditerranée,"['Languedoc-Roussillon-Midi-Pyrénées', 'Occitanie']",administrative region of France,https://www.laregion.fr,"https://commons.wikimedia.org/w/index.php?title=Special:Redirect/file/Carcassonne aéroport, panneau Occitanie-La Région.jpg&width=300",,https://www.wikidata.org/entity/Q18678265
Région Nouvelle Aquitaine,,France,Conseil régional d'aquitaine,Funder,https://openalex.org/F4320325796,Conseil Régional Aquitaine,"['Région Nouvelle-Aquitaine', 'Aquitaine Regional Council']",,http://www.aquitaine.fr,,https://ror.org/01wjxf448,
Région Hauts-de-France,,France,Région Nord pas de calais|Hauts-de-France Region|Nord-Pas de Calais Regional Council,Funder,https://openalex.org/F4320326227,Région Hauts-de-France,['Hauts-de-France region'],administrative region of France,https://www.hautsdefrance.fr,https://commons.wikimedia.org/w/index.php?title=Special:Redirect/file/Lille palais des beaux arts.jpg&width=300,,https://www.wikidata.org/entity/Q18677767
Région Normandie,,France,,Funder,https://openalex.org/F4320329938,Région Normandie,"['Normandie Region', 'Normandie', 'Region Normandie', 'Normandy Region']",region of France,https://www.normandie.fr,https://commons.wikimedia.org/w/index.php?title=Special:Redirect/file/Palais de justice de Rouen 3.JPG&width=300,,https://www.wikidata.org/entity/Q18677875
Centre-Val de Loire,,France,Région centre,Funder,https://openalex.org/F4320325797,Conseil Régional du Centre-Val de Loire,"['Conseil Régional du Centre', 'Center-Loire Valley Regional Council']",regional council,http://www.regioncentre-valdeloire.fr/accueil.html,,https://ror.org/00brrdb04,https://www.wikidata.org/entity/Q647976
Région Provence-Alpes-Côte d'Azur,,France, Région PACA,Funder,https://openalex.org/F4320326210,Conseil Régional Provence-Alpes-Côte d'Azur,"[""Région Provence-Alpes-Côte d'Azur""]",,,,,
Region Bourgogne-Franche-Comté,,France,Région Bourgogne|Regional Council of Burgundy,Funder,https://openalex.org/F4320327269,Conseil régional de Bourgogne-Franche-Comté,"['Region Bourgogne-Franche-Comte', 'Conseil Régional de Bourgogne', 'Burgundy-Franche-Comté Region', 'Regional Council of Burgundy']",regional government body in France,https://www.bourgogne-franche-comte.eu,https://commons.wikimedia.org/w/index.php?title=Special:Redirect/file/Conseil Régional de Franche-Comté.jpg&width=300,https://ror.org/04t9bwz39,https://www.wikidata.org/entity/Q19952205
Walloon Region,,Belgium,,Funder,https://openalex.org/F4320318621,Waalse Gewest,"['La Région wallonne', 'Die Wallonische Region', 'The Walloon Region', 'Het Waalse Gewest', 'Walloon Region']",,,,,https://www.wikidata.org/wiki/Q96996864
Research Foundation Flanders,FWO,Belgium,,Funder,https://openalex.org/F4320321730,Fonds Wetenschappelijk Onderzoek,"['Flemish Research Foundation', 'FWO', 'Research Foundation Flanders']",Dutch-speaking successor to the Belgian National Fund for Scientific Research,http://www.fwo.be/en,https://commons.wikimedia.org/w/index.php?title=Special:Redirect/file/Fonds Wetenschappelijk Onderzoek logo.svg&width=300,https://ror.org/03qtxy027,https://www.wikidata.org/entity/Q39071172
Research Council of Norway,,Norway,,Funder,https://openalex.org/F4320323299,Norges Forskningsråd,"['Forskningsrådet', 'Research Council of Norway', 'Norwegian Research Council']",Norwegian government agency,http://www.forskningsradet.no/en/Home_page/1177315753906,https://commons.wikimedia.org/w/index.php?title=Special:Redirect/file/NFR-logo-eng-rgb.svg&width=300,https://ror.org/00epmv149,https://www.wikidata.org/entity/Q4356293
Leverhulme Trust,,United Kingdom,,Charity,https://openalex.org/F4320319993,Leverhulme Trust,['Leverhulme'],British foundation,https://www.leverhulme.ac.uk,,https://ror.org/012mzw131,https://www.wikidata.org/entity/Q6535298
Fondation de France,,France,,Funder,https://openalex.org/F4320322646,Fondation de France,['Foundation of France'],organization created in 1969,http://www.fondationdefrance.org,https://commons.wikimedia.org/w/index.php?title=Special:Redirect/file/Fondation de France.svg&width=300,https://ror.org/02zkxjz73,https://www.wikidata.org/entity/Q2355325
Fondation pour la Recherche Médicale,FRM,France,,Funder,https://openalex.org/F4320321589,Fondation pour la Recherche Médicale,"['FRM', 'Foundation for Medical Research']",French NGO,http://www.frm.org,https://commons.wikimedia.org/w/index.php?title=Special:Redirect/file/Logo Fondation Recherche Medicale.jpg&width=300,https://ror.org/04w6kn183,https://www.wikidata.org/entity/Q3075702
Generalitat de Catalunya,,Spain,,Funder,https://openalex.org/F4320321505,Generalitat de Catalunya,['Government of Catalonia'],institution under which the autonomous government of Catalonia is organized,https://catalangovernment.eu,https://commons.wikimedia.org/w/index.php?title=Special:Redirect/file/Logotipo de la Generalitat de Catalunya.svg&width=300,https://ror.org/01bg62x04,https://www.wikidata.org/entity/Q8022
Generalitat Valenciana,,Spain,,Funder,https://openalex.org/F4320321864,Generalitat Valenciana,"['GVA', 'Regional Government of Valencia']",set of self-governing institutions of the Valencian Community,https://www.gva.es,https://commons.wikimedia.org/w/index.php?title=Special:Redirect/file/Imagotip de la Generalitat Valenciana.svg&width=300,https://ror.org/0097mvx21,https://www.wikidata.org/entity/Q2477285
Comunidad de Madrid,,Spain,,Funder,https://openalex.org/F4320313831,Comunidad de Madrid,"['Comunidad Autónoma de Madrid', 'El Gobierno de la Comunidad de Madrid', 'Madrid Autonomous Community', 'Community of Madrid']",autonomous community of Spain,http://www.madrid.org,https://commons.wikimedia.org/w/index.php?title=Special:Redirect/file/IndicadorCAMadrid.svg&width=300,,https://www.wikidata.org/wiki/Q5756
Xunta de Galicia,,Spain,,Funder,https://openalex.org/F4320326655,Xunta de Galicia,['Regional Government of Galicia'],collective decision-making body of the government of the autonomous community of Galicia,http://www.xunta.es/portada,https://commons.wikimedia.org/w/index.php?title=Special:Redirect/file/Logotipo de la Xunta de Galicia.svg&width=300,https://ror.org/0181xnw06,https://www.wikidata.org/entity/Q1779601
Junta de Andalucía,,Spain,,Funder,https://openalex.org/F4320326754,Junta de Andalucía,['Andalusian Board'],"government of the autonomous community of Andalusia, Spain",https://www.juntadeandalucia.es,https://commons.wikimedia.org/w/index.php?title=Special:Redirect/file/Logotipo de la Junta de Andalucía 2020.svg&width=300,https://ror.org/01jem9c82,https://www.wikidata.org/entity/Q2743342
Alexander von Humboldt Foundation,,Germany,,Funder,https://openalex.org/F4320308269,Alexander von Humboldt-Stiftung,"['Humboldt-Stiftung', 'The Humboldt Foundation', 'Humboldt Foundation', 'AvH', 'Alexander von Humboldt-Stiftung/Foundation', 'Alexander von Humboldt Foundation', 'Alexander-von-Humboldt-Stiftung', 'The Alexander von Humboldt-Foundation']",German organization promoting international cooperation in scientific research,https://www.humboldt-foundation.de,"https://commons.wikimedia.org/w/index.php?title=Special:Redirect/file/Bonn, Alexander-von-Humboldt-Stiftung.jpg&width=300",https://ror.org/012kf4317,https://www.wikidata.org/entity/Q590267
Campus France,,France,,Funder,https://openalex.org/F4320323942,Campus France,"['Agence Française pour la Promotion de l’Enseignement Supérieur, l’Accueil et la Mobilité Internationale']",,https://www.campusfrance.org,https://commons.wikimedia.org/w/index.php?title=Special:Redirect/file/Campus-france.svg&width=300,https://ror.org/04wtce741,https://www.wikidata.org/entity/Q2935609
BPIFrance,,France,BPI|BPI France,Funder,https://openalex.org/F4320316512,Bpifrance,"[""Banque publique d'investissement S.A."", 'BPI Groupe S.A.', ""Banque Publique d'Investissement"", 'Public Investment Bank']",,http://www.bpifrance.fr,,https://ror.org/008zkt807,
European Space Agency,ESA,European Union,,Funder,https://openalex.org/F4320318240,European Space Agency,['ESA'],European organisation dedicated to space exploration,http://www.esa.int/ESA,https://commons.wikimedia.org/w/index.php?title=Special:Redirect/file/European Space Agency logo.svg&width=300,https://ror.org/03wd9za21,https://www.wikidata.org/entity/Q42262
Cancer Research UK,,United Kingdom,,Funder,https://openalex.org/F4320319985,Cancer Research UK,['CRUK'],charity which conducts research on cancer,http://www.cancerresearchuk.org,https://commons.wikimedia.org/w/index.php?title=Special:Redirect/file/Cmglee Cambridge Cancer Research.jpg&width=300,https://ror.org/054225q67,https://www.wikidata.org/entity/Q326079
Ministry of Economy and Competitiveness,MINECO,Spain,,Funder,https://openalex.org/F4320321837,Ministerio de Economía y Competitividad,"['MINECO', 'MEC', 'Ministry of Economy and Competitiveness']",Spanish government ministry,http://www.mineco.gob.es,https://commons.wikimedia.org/w/index.php?title=Special:Redirect/file/Logotipo del Ministerio de Economía y Empresa.svg&width=300,https://ror.org/034900433,https://www.wikidata.org/entity/Q54905688
European Social Fund,ESF,European Union,,Funder,https://openalex.org/F4320338080,European Social Fund,"['ESF', 'The European Social Fund', 'Europäische Sozialfonds', 'Fondo Sociale Europeo', 'Fonds Social Européen', 'Fondo Social Europeo']",executive branch of the European Union,http://ec.europa.eu/index_en.htm,https://commons.wikimedia.org/w/index.php?title=Special:Redirect/file/European Commission.svg&width=300,https://ror.org/00k4n6c32,https://www.wikidata.org/entity/Q8880
Knut and Alice Wallenberg Foundation,,Sweden,Wallenberg Foundation|KAW Foundation,Charity,https://openalex.org/F4320322327,Knut och Alice Wallenbergs Stiftelse,['Knut and Alice Wallenberg Foundation'],one of the Wallenberg foundations,https://www.wallenberg.com/kaw/en,,https://ror.org/004hzzk67,https://www.wikidata.org/entity/Q4992048
Science Foundation Ireland,,Ireland,,Funder,https://openalex.org/F4320320847,Science Foundation Ireland,['SFI'],statutory research funding body,http://www.sfi.ie,,https://ror.org/0271asj38,https://www.wikidata.org/entity/Q3475731
Irish Research Council,,Ireland,,Funder,https://openalex.org/F4320321056,Irish Research Council,['An Chomhairle um Thaighde in Éirinn'],,http://www.research.ie,,https://ror.org/051xex213,
British Heart Foundation,,United Kingdom,,Funder,https://openalex.org/F4320319992,British Heart Foundation,['BHF'],UK charity for heart health,https://www.bhf.org.uk,https://commons.wikimedia.org/w/index.php?title=Special:Redirect/file/British Heart Foundation - Beastfair (geograph 2075823).jpg&width=300,https://ror.org/02wdwnk04,https://www.wikidata.org/entity/Q4970039
Slovenian Research Agency,,Slovenia,,Funder,https://openalex.org/F4320322554,Javna Agencija za Raziskovalno Dejavnost RS,"['Slovenian Research Agency', 'ARRS']",,https://www.aris-rs.si,,https://ror.org/059bp8k51,
"Ministry of Education, Culture, Sports, Science and Technology",MEXT,Japan,,Funder,https://openalex.org/F4320320912,"Ministry of Education, Culture, Sports, Science and Technology","['Monbu Kagakusho', '文部科学省', 'MEXT', 'Monbusho']",ministry of Japan,http://www.mext.go.jp/english,"https://commons.wikimedia.org/w/index.php?title=Special:Redirect/file/Symbol of Ministry of Education, Culture, Sports, Science and Technology of Japan.svg&width=300",https://ror.org/048rj2z13,https://www.wikidata.org/entity/Q1054379
Gordon and Betty Moore Foundation,,United States,Moore Foundation,Charity,https://openalex.org/F4320306202,Gordon and Betty Moore Foundation,"['GORDON E. & BETTY I. MOORE FOUNDATION', 'The Gordon & Betty Moore Foundation', 'Gordon & Betty Moore Foundation', 'GORDON E. AND BETTY I. MOORE FOUNDATION', 'Moore Foundation', 'GBMF', 'The Gordon and Betty Moore Foundation']",private foundation,https://www.moore.org,https://commons.wikimedia.org/w/index.php?title=Special:Redirect/file/Gordon and Betty Moore Foundation logo.svg&width=300,https://ror.org/006wxqw41,https://www.wikidata.org/entity/Q3070474
Kavli Foundation,,United States,,Charity,https://openalex.org/F4320306399,Kavli Foundation,['The Kavli Foundation'],foundation that supports the advancement of science,http://www.kavlifoundation.org,,https://ror.org/00kztt736,https://www.wikidata.org/entity/Q3441043
Ligue Nationale Contre le Cancer,,France,,Funder,https://openalex.org/F4320322363,Ligue Contre le Cancer,"['National League Against Cancer', 'La Ligue Nationale contre le Cancer', 'French League Against Cancer']",French anti-cancer association,http://www.ligue-cancer.net,https://commons.wikimedia.org/w/index.php?title=Special:Redirect/file/Logo de la Ligue contre le Cancer.jpg&width=300,https://ror.org/00rkrv905,https://www.wikidata.org/entity/Q3210061
Human Frontier Science Program,HFSP,International,,Funder,https://openalex.org/F4320320338,Human Frontier Science Program,['HFSP'],organization in France,http://www.hfsp.org,,https://ror.org/02ebx7v45,https://www.wikidata.org/entity/Q3089211
Fyssen Foundation,,France,Fondation Fryssen,Funder,https://openalex.org/F4320321733,Fondation Fyssen,['Fyssen Foundation'],,http://www.fondationfyssen.fr/en,,https://ror.org/05ebnp485,
Croatian Science Foundation,,Croatia,,Funder,https://openalex.org/F4320322674,Hrvatska Zaklada za Znanost,"['HRZZ', 'Croatian Science Foundation']","government organization in Zagreb, Croatia",http://www.hrzz.hr,,https://ror.org/03n51vw80,https://www.wikidata.org/entity/Q30296546
Estonian Research Council,,Estonia,,Funder,https://openalex.org/F4320321090,Eesti Teadusagentuur,"['ETAg', 'Estonian Research Council']",research funding agency in Estonia,http://www.etag.ee/en,,https://ror.org/00jjeja18,https://www.wikidata.org/entity/Q25516978
Lundbeck Foundation,,Denmark,,Funder,https://openalex.org/F4320321999,Lundbeckfonden,['Lundbeck Foundation'],,http://www.lundbeckfoundation.com,,https://ror.org/03hz8wd80,
Villum Foundation,,Denmark,Villum Fonden,Funder,https://openalex.org/F4320310490,Villum Fonden,['Villum Foundation'],nonprofit organization in Denmark,https://veluxfoundations.dk,,https://ror.org/007ww2d15,https://www.wikidata.org/entity/Q7931130
Sigrid Jusélius Foundation,,Finland,,Funder,https://openalex.org/F4320323760,Sigrid Juséliuksen Säätiö,"['Sigrid Jusélius Stiftelse', 'Sigrid Jusélius Foundation']",Finnish foundation allocating funds to medical research,http://sigridjuselius.fi/en,,https://ror.org/00ckakm23,https://www.wikidata.org/entity/Q18690853
Minerva Foundation,,Finland,,Funder,https://openalex.org/F4320320878,Minerva Foundation,['Minerva Stiftung'],,http://www.minerva.mpg.de,,https://ror.org/02rxjts25,
Jane and Aatos Erkko Foundation,,Finland,,Funder,https://openalex.org/F4320322282,Jane ja Aatos Erkon Säätiö,"['Jane och Aatos Erkkos stiftelse', 'J&AE', 'Jane and Aatos Erkko Foundation']","organization in Helsinki, Finland",http://jaes.fi/en,,https://ror.org/03vxy9y38,https://www.wikidata.org/entity/Q18690549
Crafoord Foundation,,Sweden,,Funder,https://openalex.org/F4320321761,Crafoordska Stiftelsen,['The Crafoord Foundation'],,http://en.crafoord.se,,https://ror.org/02hwwbr17,
Emil Aaltonen Foundation,,Finland,,Funder,https://openalex.org/F4320322861,Emil Aaltosen Säätiö,['Emil Aaltonen Foundation'],,http://www.emilaaltonen.fi,,https://ror.org/005rt3g54,https://www.wikidata.org/entity/Q11857746
Slovak Research and Development Agency,,Slovakia,,Funder,https://openalex.org/F4320323251,Agentúra na Podporu Výskumu a Vývoja,"['SRDA', 'APVV', 'Slovak Research and Development Agency']","government organization in Bratislava, Slovakia",http://www.apvv.sk,,https://ror.org/037nx0e70,https://www.wikidata.org/entity/Q30296523
Volkswagen Foundation,,Germany,,Charity,https://openalex.org/F4320320882,Volkswagen Foundation,['VolkswagenStiftung'],private German charitable Foundation,https://www.volkswagenstiftung.de/en,https://commons.wikimedia.org/w/index.php?title=Special:Redirect/file/Logo Volkswagenstiftung.svg&width=300,https://ror.org/03bsmfz84,https://www.wikidata.org/entity/Q1766743
Carlsberg Foundation,,Germany,,Charity,https://openalex.org/F4320321504,Carlsbergfondet,['Carlsberg Foundation'],Foundation controlling the Carlsberg brewery Group and Carlsberg Laboratory,http://www.carlsbergfondet.dk,https://commons.wikimedia.org/w/index.php?title=Special:Redirect/file/Carlsberg Laboratory.jpg&width=300,https://ror.org/01kpjmx04,https://www.wikidata.org/entity/Q1043358
Fondation Bettencourt Schueller,,France,,Charity,https://openalex.org/F4320324477,Fondation Bettencourt Schueller,['Bettencourt Schueller Foundation'],,http://www.fondationbs.org,,https://ror.org/02p3abx23,https://www.wikidata.org/entity/Q22131867
Ville de Paris,,France,City of Paris,Funder,,,,,,,,
Rennes Métropole,,France,,Funder,,,,,,,,
Nantes Métropole,,France,,Funder,,,,,,,,
Métropole Européenne de Lille,,France,,Funder,,,,,,,,
Fonds National de la Recherche Luxembourg,LNR,Luxembourg,Luxembourg National Research Fund,Funder,https://openalex.org/F4320321038,Fonds National de la Recherche Luxembourg,"['FNR', 'National Research Fund']",,http://www.fnr.lu,,https://ror.org/039z13y21,
Fondation ARC pour la recherche sur le cancer,,France,Fondation ARC,Funder,https://openalex.org/F4320322361,Fondation ARC pour la Recherche sur le Cancer,"['ARC Foundation for Cancer Research', 'Fondation ARC', 'ARC Foundation', 'ARC']",,http://www.fondation-arc.org,https://commons.wikimedia.org/w/index.php?title=Special:Redirect/file/Logo Fondation ARC pour la recherche sur le cancer.jpg&width=300,https://ror.org/0489qz649,https://www.wikidata.org/entity/Q3075352
Welch Foundation,,United States,,Funder,https://openalex.org/F4320306196,Welch Foundation,"['Welch Foundation/The', 'The Robert A. Welch Foundation', 'The Welch Foundation', 'Robert A. Welch Foundation']",,http://www.welch1.org,,https://ror.org/00np6vq88,https://www.wikidata.org/entity/Q7341309
Cariplo Foundation,,Italy,,Charity,https://openalex.org/F4320321499,Fondazione Cariplo,['Cariplo Foundation'],"charitable foundation in Milan, Italy",http://www.fondazionecariplo.it/en/index.html,,https://ror.org/01gb56c55,https://www.wikidata.org/entity/Q3075411
Michael J. Fox Foundation,,United States,Fox Foundation,Funder,https://openalex.org/F4320306136,Michael J. Fox Foundation for Parkinson's Research,"[""Michael J Fox Foundation for Parkinson's Disease Research"", 'The Michael J. Fox Foundation', 'MJFF', 'Fundación Michael J. Fox', 'Michael J. Fox Foundation', ""Michael J Fox Foundation for Parkinson's Research"", ""The Michael J. Fox Foundation for Parkinson's Research""]",non-profit organization in the USA,https://www.michaeljfox.org,,https://ror.org/03arq3225,https://www.wikidata.org/entity/Q507085
Heising-Simons Foundation,,United States,HS Foundation,Funder,https://openalex.org/F4320314817,Heising-Simons Foundation,"['HS Foundation', 'Heising Simons Foundation', 'The Heising Simons Foundation', 'The Heising-Simons Foundation', 'HSF']","other organization in Los Altos, United States",https://www.hsfoundation.org,,https://ror.org/01mp52y34,https://www.wikidata.org/entity/Q30287747
Fondation Leducq,,France,,Funder,https://openalex.org/F4320320890,Fondation Leducq,['Leducq Foundation'],,https://www.fondationleducq.org,,https://ror.org/01czwga19,https://www.wikidata.org/entity/Q6512782
Association Française contre les Myopathies,AFM,France,,Funder,https://openalex.org/F4320309751,Association Française contre les Myopathies,"['French Association against Myopathies', 'French Association against Muscular Dystrophies', 'AFM']",French patient association,http://www.afm-telethon.com,,https://ror.org/0162y2387,https://www.wikidata.org/entity/Q2867701
Swedish Foundation for Strategic Research,SFSR,Sweden,,Funder,https://openalex.org/F4320320940,Stiftelsen för Strategisk Forskning,"['SSF', 'Swedish Foundation for Strategic Research']",,http://www.stratresearch.se/en,"https://commons.wikimedia.org/w/index.php?title=Special:Redirect/file/World Trade Center, Stockholm.jpg&width=300",https://ror.org/044wr7g58,https://www.wikidata.org/entity/Q7654688
Total Foundation,,France,,Funder,https://openalex.org/F4320329988,Total Foundation,[],"primary school in Ogun State, Nigeria",,,,https://www.wikidata.org/entity/Q116427110
la Caixa Foundation,,Spain,,Funder,https://openalex.org/F4320312058,“la Caixa” Foundation,"['“la Caixa”', 'Caixa Foundation', 'Fundación Bancaria Caixa d’Estalvis i Pensions de Barcelona', 'Fundación Caixa']",,https://www.caixabank.es/index_es.html,,https://ror.org/03zhx9h04,
Prince Albert II of Monaco Foundation,,Moncao,,Charity,https://openalex.org/F4320327142,Prince Albert II of Monaco Foundation,"['Fondation Prince Albert II de Monaco', 'Prince Albert II Foundation']",environmental charity,http://www.fpa2.org,,https://ror.org/01t9r8c86,https://www.wikidata.org/entity/Q3075546
BNP Paribas Foundation,,France,,Funder,https://openalex.org/F4320335310,Fondation BNP Paribas,['BNP Paribas Foundation'],French bank and financial services company (2000-),http://www.bnpparibas.com/en,https://commons.wikimedia.org/w/index.php?title=Special:Redirect/file/BNP Paribas.png&width=300,https://ror.org/02v616z87,https://www.wikidata.org/entity/Q499707
Jenny and Antti Wihuri Foundation,,,,Funder,https://openalex.org/F4320334901,Jenny ja Antti Wihurin Rahasto,"['Jenny JA Antti Wihurin Rahasto sr', 'Jenny and Antti Wihuri Foundation']","a Finnish foundation that support science, art and societal activities",http://www.wihurinrahasto.fi,,https://ror.org/01gpyzq83,https://www.wikidata.org/entity/Q11866346
W. M. Keck Foundation,,France,W. Keck Foundation,Funder,https://openalex.org/F4320306159,W. M. Keck Foundation,"['W M Keck Foundation', 'W.M. Keck Foundation', 'WM Keck Foundation', 'WMKF', 'The W. M. Keck Foundation', 'Keck Foundation']",American charitable foundation,https://www.wmkeck.org,,https://ror.org/000dswa46,https://www.wikidata.org/entity/Q2536738
Fondation de l'Avenir,,France,,Funder,https://openalex.org/F4320309738,Fondation de l'Avenir pour la Recherche Médicale Appliquée,"[""Fondation de l'Avenir""]",,http://www.fondationdelavenir.org,,https://ror.org/02dddmh90,
